school,conference,color,gradientColor,logos
Abilene Christian,,#4e2683,#d5d8ea,"['http://a.espncdn.com/i/teamlogos/ncaa/500/2000.png', 'http://a.espncdn.com/i/teamlogos/ncaa/500-dark/2000.png']"
Air Force,Mountain West,#004a7b,#cedbe9,"['http://a.espncdn.com/i/teamlogos/ncaa/500/2005.png', 'http://a.espncdn.com/i/teamlogos/ncaa/500-dark/2005.png']"
Akron,Mid-American,#00285e,#ced8e6,"['http://a.espncdn.com/i/teamlogos/ncaa/500/2006.png', 'http://a.espncdn.com/i/teamlogos/ncaa/500-dark/2006.png']"
Alabama,SEC,#690014,#d8d4df,"['http://a.espncdn.com/i/teamlogos/ncaa/500/333.png', 'http://a.espncdn.com/i/teamlogos/ncaa/500-dark/333.png']"
Alabama A&M,,#790000,#dad4dd,"['http://a.espncdn.com/i/teamlogos/ncaa/500/2010.png', 'http://a.espncdn.com/i/teamlogos/ncaa/500-dark/2010.png']"
Alabama State,,#e9a900,#e5e5dd,"['http://a.espncdn.com/i/teamlogos/ncaa/500/2011.png', 'http://a.espncdn.com/i/teamlogos/ncaa/500-dark/2011.png']"
Albany,,#3D2777,#d4d8e9,"['http://a.espncdn.com/i/teamlogos/ncaa/500/399.png', 'http://a.espncdn.com/i/teamlogos/ncaa/500-dark/399.png']"
Alcorn State,,#4b0058,#d5d4e6,"['http://a.espncdn.com/i/teamlogos/ncaa/500/2016.png', 'http://a.espncdn.com/i/teamlogos/ncaa/500-dark/2016.png']"
Appalachian State,Sun Belt,#000000,#ced4dd,"['http://a.espncdn.com/i/teamlogos/ncaa/500/2026.png', 'http://a.espncdn.com/i/teamlogos/ncaa/500-dark/2026.png']"
Arizona,Pac-12,#002449,#ced8e4,"['http://a.espncdn.com/i/teamlogos/ncaa/500/12.png', 'http://a.espncdn.com/i/teamlogos/ncaa/500-dark/12.png']"
Arizona State,Pac-12,#942139,#dcd7e3,"['http://a.espncdn.com/i/teamlogos/ncaa/500/9.png', 'http://a.espncdn.com/i/teamlogos/ncaa/500-dark/9.png']"
Arkansas,SEC,#9c1831,#ddd6e2,"['http://a.espncdn.com/i/teamlogos/ncaa/500/8.png', 'http://a.espncdn.com/i/teamlogos/ncaa/500-dark/8.png']"
Arkansas-Pine Bluff,,#e0aa0f,#e4e5de,"['http://a.espncdn.com/i/teamlogos/ncaa/500/2029.png', 'http://a.espncdn.com/i/teamlogos/ncaa/500-dark/2029.png']"
Arkansas State,Sun Belt,#e81018,#e5d6df,"['http://a.espncdn.com/i/teamlogos/ncaa/500/2032.png', 'http://a.espncdn.com/i/teamlogos/ncaa/500-dark/2032.png']"
Army,FBS Independents,#ce9c00,#e2e4dd,"['http://a.espncdn.com/i/teamlogos/ncaa/500/349.png', 'http://a.espncdn.com/i/teamlogos/ncaa/500-dark/349.png']"
Auburn,SEC,#03244d,#ced8e5,"['http://a.espncdn.com/i/teamlogos/ncaa/500/2.png', 'http://a.espncdn.com/i/teamlogos/ncaa/500-dark/2.png']"
Austin Peay,,#8e0b0b,#dcd5de,"['http://a.espncdn.com/i/teamlogos/ncaa/500/2046.png', 'http://a.espncdn.com/i/teamlogos/ncaa/500-dark/2046.png']"
Azusa Pacific,,#000000,#ced4dd,"['http://a.espncdn.com/i/teamlogos/ncaa/500/2049.png', 'http://a.espncdn.com/i/teamlogos/ncaa/500-dark/2049.png']"
Ball State,Mid-American,#DA0000,#e3d4dd,"['http://a.espncdn.com/i/teamlogos/ncaa/500/2050.png', 'http://a.espncdn.com/i/teamlogos/ncaa/500-dark/2050.png']"
Baylor,Big 12,#004834,#cedbe2,"['http://a.espncdn.com/i/teamlogos/ncaa/500/239.png', 'http://a.espncdn.com/i/teamlogos/ncaa/500-dark/239.png']"
Bemidji State,,#000000,#ced4dd,"['http://a.espncdn.com/i/teamlogos/ncaa/500/132.png', 'http://a.espncdn.com/i/teamlogos/ncaa/500-dark/132.png']"
Bethune-Cookman,,#7b1831,#dad6e2,"['http://a.espncdn.com/i/teamlogos/ncaa/500/2065.png', 'http://a.espncdn.com/i/teamlogos/ncaa/500-dark/2065.png']"
Boise State,Mountain West,#09347A,#cfd9e9,"['http://a.espncdn.com/i/teamlogos/ncaa/500/68.png', 'http://a.espncdn.com/i/teamlogos/ncaa/500-dark/68.png']"
Boston College,ACC,#88001a,#dbd4e0,"['http://a.espncdn.com/i/teamlogos/ncaa/500/103.png', 'http://a.espncdn.com/i/teamlogos/ncaa/500-dark/103.png']"
Bowling Green,Mid-American,#2b1000,#d2d6dd,"['http://a.espncdn.com/i/teamlogos/ncaa/500/189.png', 'http://a.espncdn.com/i/teamlogos/ncaa/500-dark/189.png']"
Brown,,#411e09,#d4d7de,"['http://a.espncdn.com/i/teamlogos/ncaa/500/225.png', 'http://a.espncdn.com/i/teamlogos/ncaa/500-dark/225.png']"
Bryant,,#000000,#ced4dd,"['http://a.espncdn.com/i/teamlogos/ncaa/500/2803.png', 'http://a.espncdn.com/i/teamlogos/ncaa/500-dark/2803.png']"
Bucknell,,#000060,#ced4e7,"['http://a.espncdn.com/i/teamlogos/ncaa/500/2083.png', 'http://a.espncdn.com/i/teamlogos/ncaa/500-dark/2083.png']"
Buffalo,Mid-American,#041A9B,#ced7ec,"['http://a.espncdn.com/i/teamlogos/ncaa/500/2084.png', 'http://a.espncdn.com/i/teamlogos/ncaa/500-dark/2084.png']"
Butler,,#0d1361,#cfd6e7,"['http://a.espncdn.com/i/teamlogos/ncaa/500/2086.png', 'http://a.espncdn.com/i/teamlogos/ncaa/500-dark/2086.png']"
BYU,FBS Independents,#001E4C,#ced7e5,"['http://a.espncdn.com/i/teamlogos/ncaa/500/252.png', 'http://a.espncdn.com/i/teamlogos/ncaa/500-dark/252.png']"
California,Pac-12,#031522,#ced6e0,"['http://a.espncdn.com/i/teamlogos/ncaa/500/25.png', 'http://a.espncdn.com/i/teamlogos/ncaa/500-dark/25.png']"
Cal Poly,,#1E4D2B,#d1dce1,"['http://a.espncdn.com/i/teamlogos/ncaa/500/13.png', 'http://a.espncdn.com/i/teamlogos/ncaa/500-dark/13.png']"
Campbell,,#000000,#ced4dd,"['http://a.espncdn.com/i/teamlogos/ncaa/500/2097.png', 'http://a.espncdn.com/i/teamlogos/ncaa/500-dark/2097.png']"
Central Arkansas,,#a7a9ac,#dee5ee,"['http://a.espncdn.com/i/teamlogos/ncaa/500/2110.png', 'http://a.espncdn.com/i/teamlogos/ncaa/500-dark/2110.png']"
Central Connecticut,,#1B49A2,#d0dbed,"['http://a.espncdn.com/i/teamlogos/ncaa/500/2115.png', 'http://a.espncdn.com/i/teamlogos/ncaa/500-dark/2115.png']"
Central Michigan,Mid-American,#6a0032,#d8d4e2,"['http://a.espncdn.com/i/teamlogos/ncaa/500/2117.png', 'http://a.espncdn.com/i/teamlogos/ncaa/500-dark/2117.png']"
Chadron State,,#000000,#ced4dd,"['http://a.espncdn.com/i/teamlogos/ncaa/500/2123.png', 'http://a.espncdn.com/i/teamlogos/ncaa/500-dark/2123.png']"
Charleston Southern,,#2e3192,#d2d9ec,"['http://a.espncdn.com/i/teamlogos/ncaa/500/2127.png', 'http://a.espncdn.com/i/teamlogos/ncaa/500-dark/2127.png']"
Charlotte,Conference USA,#0C562D,#cfdde1,"['http://a.espncdn.com/i/teamlogos/ncaa/500/2429.png', 'http://a.espncdn.com/i/teamlogos/ncaa/500-dark/2429.png']"
Chattanooga,,#00386b,#cedae8,"['http://a.espncdn.com/i/teamlogos/ncaa/500/236.png', 'http://a.espncdn.com/i/teamlogos/ncaa/500-dark/236.png']"
Cincinnati,American Athletic,#000000,#ced4dd,"['http://a.espncdn.com/i/teamlogos/ncaa/500/2132.png', 'http://a.espncdn.com/i/teamlogos/ncaa/500-dark/2132.png']"
Clemson,ACC,#F66733,#e6dee2,"['http://a.espncdn.com/i/teamlogos/ncaa/500/228.png', 'http://a.espncdn.com/i/teamlogos/ncaa/500-dark/228.png']"
Coastal Carolina,Sun Belt,#007073,#cedfe8,"['http://a.espncdn.com/i/teamlogos/ncaa/500/324.png', 'http://a.espncdn.com/i/teamlogos/ncaa/500-dark/324.png']"
Colgate,,#8B011D,#dcd4e0,"['http://a.espncdn.com/i/teamlogos/ncaa/500/2142.png', 'http://a.espncdn.com/i/teamlogos/ncaa/500-dark/2142.png']"
Colorado,Pac-12,#d1c57e,#e3e8ea,"['http://a.espncdn.com/i/teamlogos/ncaa/500/38.png', 'http://a.espncdn.com/i/teamlogos/ncaa/500-dark/38.png']"
Colorado State,Mountain West,#004537,#cedbe2,"['http://a.espncdn.com/i/teamlogos/ncaa/500/36.png', 'http://a.espncdn.com/i/teamlogos/ncaa/500-dark/36.png']"
Columbia,,#174785,#d0dbea,"['http://a.espncdn.com/i/teamlogos/ncaa/500/171.png', 'http://a.espncdn.com/i/teamlogos/ncaa/500-dark/171.png']"
Connecticut,American Athletic,#001d40,#ced7e3,"['http://a.espncdn.com/i/teamlogos/ncaa/500/41.png', 'http://a.espncdn.com/i/teamlogos/ncaa/500-dark/41.png']"
Cornell,,#d60027,#e3d4e1,"['http://a.espncdn.com/i/teamlogos/ncaa/500/172.png', 'http://a.espncdn.com/i/teamlogos/ncaa/500-dark/172.png']"
Dartmouth,,#005730,#cedde2,"['http://a.espncdn.com/i/teamlogos/ncaa/500/159.png', 'http://a.espncdn.com/i/teamlogos/ncaa/500-dark/159.png']"
Davidson,,#000000,#ced4dd,"['http://a.espncdn.com/i/teamlogos/ncaa/500/2166.png', 'http://a.espncdn.com/i/teamlogos/ncaa/500-dark/2166.png']"
Dayton,,#004B8D,#cedbeb,"['http://a.espncdn.com/i/teamlogos/ncaa/500/2168.png', 'http://a.espncdn.com/i/teamlogos/ncaa/500-dark/2168.png']"
Delaware,,#033594,#ced9ec,"['http://a.espncdn.com/i/teamlogos/ncaa/500/48.png', 'http://a.espncdn.com/i/teamlogos/ncaa/500-dark/48.png']"
Delaware State,,#FF3630,#e7d9e2,"['http://a.espncdn.com/i/teamlogos/ncaa/500/2169.png', 'http://a.espncdn.com/i/teamlogos/ncaa/500-dark/2169.png']"
Delta State,,#000000,#ced4dd,"['http://a.espncdn.com/i/teamlogos/ncaa/500/2170.png', 'http://a.espncdn.com/i/teamlogos/ncaa/500-dark/2170.png']"
Drake,,#004477,#cedbe9,"['http://a.espncdn.com/i/teamlogos/ncaa/500/2181.png', 'http://a.espncdn.com/i/teamlogos/ncaa/500-dark/2181.png']"
Duke,ACC,#001A57,#ced7e6,"['http://a.espncdn.com/i/teamlogos/ncaa/500/150.png', 'http://a.espncdn.com/i/teamlogos/ncaa/500-dark/150.png']"
Duquesne,,#002D62,#ced8e7,"['http://a.espncdn.com/i/teamlogos/ncaa/500/2184.png', 'http://a.espncdn.com/i/teamlogos/ncaa/500-dark/2184.png']"
East Carolina,American Athletic,#4b1869,#d5d6e7,"['http://a.espncdn.com/i/teamlogos/ncaa/500/151.png', 'http://a.espncdn.com/i/teamlogos/ncaa/500-dark/151.png']"
Eastern Illinois,,#000000,#ced4dd,"['http://a.espncdn.com/i/teamlogos/ncaa/500/2197.png', 'http://a.espncdn.com/i/teamlogos/ncaa/500-dark/2197.png']"
Eastern Kentucky,,#660819,#d8d5df,"['http://a.espncdn.com/i/teamlogos/ncaa/500/2198.png', 'http://a.espncdn.com/i/teamlogos/ncaa/500-dark/2198.png']"
Eastern Michigan,Mid-American,#00331b,#ced9e0,"['http://a.espncdn.com/i/teamlogos/ncaa/500/2199.png', 'http://a.espncdn.com/i/teamlogos/ncaa/500-dark/2199.png']"
Eastern Washington,,#a10022,#ded4e0,"['http://a.espncdn.com/i/teamlogos/ncaa/500/331.png', 'http://a.espncdn.com/i/teamlogos/ncaa/500-dark/331.png']"
East Tennessee State,,#002d61,#ced8e7,"['http://a.espncdn.com/i/teamlogos/ncaa/500/2193.png', 'http://a.espncdn.com/i/teamlogos/ncaa/500-dark/2193.png']"
Elon,,#020303,#ced4dd,"['http://a.espncdn.com/i/teamlogos/ncaa/500/2210.png', 'http://a.espncdn.com/i/teamlogos/ncaa/500-dark/2210.png']"
Emporia State,,#000000,#ced4dd,"['http://a.espncdn.com/i/teamlogos/ncaa/500/2214.png', 'http://a.espncdn.com/i/teamlogos/ncaa/500-dark/2214.png']"
Fairmont State,,#000000,#ced4dd,"['http://a.espncdn.com/i/teamlogos/ncaa/500/2986.png', 'http://a.espncdn.com/i/teamlogos/ncaa/500-dark/2986.png']"
Faulkner,,#000000,#ced4dd,"['http://a.espncdn.com/i/teamlogos/ncaa/500/2219.png', 'http://a.espncdn.com/i/teamlogos/ncaa/500-dark/2219.png']"
Ferris State,,#000000,#ced4dd,"['http://a.espncdn.com/i/teamlogos/ncaa/500/2222.png', 'http://a.espncdn.com/i/teamlogos/ncaa/500-dark/2222.png']"
Florida,SEC,#0021A5,#ced7ed,"['http://a.espncdn.com/i/teamlogos/ncaa/500/57.png', 'http://a.espncdn.com/i/teamlogos/ncaa/500-dark/57.png']"
Florida A&M,,#F89728,#e6e3e1,"['http://a.espncdn.com/i/teamlogos/ncaa/500/50.png', 'http://a.espncdn.com/i/teamlogos/ncaa/500-dark/50.png']"
Florida Atlantic,Conference USA,#004B85,#cedbea,"['http://a.espncdn.com/i/teamlogos/ncaa/500/2226.png', 'http://a.espncdn.com/i/teamlogos/ncaa/500-dark/2226.png']"
Florida International,Conference USA,#001538,#ced6e3,"['http://a.espncdn.com/i/teamlogos/ncaa/500/2229.png', 'http://a.espncdn.com/i/teamlogos/ncaa/500-dark/2229.png']"
Florida State,ACC,#782F40,#dad9e3,"['http://a.espncdn.com/i/teamlogos/ncaa/500/52.png', 'http://a.espncdn.com/i/teamlogos/ncaa/500-dark/52.png']"
Florida Tech,,#000000,#ced4dd,"['http://a.espncdn.com/i/teamlogos/ncaa/500/53.png', 'http://a.espncdn.com/i/teamlogos/ncaa/500-dark/53.png']"
Fordham,,#830032,#dbd4e2,"['http://a.espncdn.com/i/teamlogos/ncaa/500/2230.png', 'http://a.espncdn.com/i/teamlogos/ncaa/500-dark/2230.png']"
Fort Hays State,,#000000,#ced4dd,"['http://a.espncdn.com/i/teamlogos/ncaa/500/2231.png', 'http://a.espncdn.com/i/teamlogos/ncaa/500-dark/2231.png']"
Fresno State,Mountain West,#c41230,#e1d6e2,"['http://a.espncdn.com/i/teamlogos/ncaa/500/278.png', 'http://a.espncdn.com/i/teamlogos/ncaa/500-dark/278.png']"
Furman,,#4A2184,#d5d7ea,"['http://a.espncdn.com/i/teamlogos/ncaa/500/231.png', 'http://a.espncdn.com/i/teamlogos/ncaa/500-dark/231.png']"
Gallaudet,,#000000,#ced4dd,"['http://a.espncdn.com/i/teamlogos/ncaa/500/417.png', 'http://a.espncdn.com/i/teamlogos/ncaa/500-dark/417.png']"
Gardner-Webb,,#c12535,#e1d8e2,"['http://a.espncdn.com/i/teamlogos/ncaa/500/2241.png', 'http://a.espncdn.com/i/teamlogos/ncaa/500-dark/2241.png']"
Georgetown,,#110E42,#cfd5e4,"['http://a.espncdn.com/i/teamlogos/ncaa/500/46.png', 'http://a.espncdn.com/i/teamlogos/ncaa/500-dark/46.png']"
Georgia,SEC,#CC0000,#e2d4dd,"['http://a.espncdn.com/i/teamlogos/ncaa/500/61.png', 'http://a.espncdn.com/i/teamlogos/ncaa/500-dark/61.png']"
Georgia Southern,Sun Belt,#003775,#ced9e9,"['http://a.espncdn.com/i/teamlogos/ncaa/500/290.png', 'http://a.espncdn.com/i/teamlogos/ncaa/500-dark/290.png']"
Georgia State,Sun Belt,#1e539a,#d1dcec,"['http://a.espncdn.com/i/teamlogos/ncaa/500/2247.png', 'http://a.espncdn.com/i/teamlogos/ncaa/500-dark/2247.png']"
Georgia Tech,ACC,#00223e,#ced7e3,"['http://a.espncdn.com/i/teamlogos/ncaa/500/59.png', 'http://a.espncdn.com/i/teamlogos/ncaa/500-dark/59.png']"
Grambling,,#ee8601,#e5e1dd,"['http://a.espncdn.com/i/teamlogos/ncaa/500/2755.png', 'http://a.espncdn.com/i/teamlogos/ncaa/500-dark/2755.png']"
Grand Valley State,,#000000,#ced4dd,"['http://a.espncdn.com/i/teamlogos/ncaa/500/125.png', 'http://a.espncdn.com/i/teamlogos/ncaa/500-dark/125.png']"
Hampton,,#0067AC,#cedeee,"['http://a.espncdn.com/i/teamlogos/ncaa/500/2261.png', 'http://a.espncdn.com/i/teamlogos/ncaa/500-dark/2261.png']"
Harvard,,#990000,#ddd4dd,"['http://a.espncdn.com/i/teamlogos/ncaa/500/108.png', 'http://a.espncdn.com/i/teamlogos/ncaa/500-dark/108.png']"
Hawai'i,Mountain West,#003420,#ced9e0,"['http://a.espncdn.com/i/teamlogos/ncaa/500/62.png', 'http://a.espncdn.com/i/teamlogos/ncaa/500-dark/62.png']"
Henderson State,,#000000,#ced4dd,"['http://a.espncdn.com/i/teamlogos/ncaa/500/2271.png', 'http://a.espncdn.com/i/teamlogos/ncaa/500-dark/2271.png']"
Holy Cross,,#0a0a0a,#cfd5de,"['http://a.espncdn.com/i/teamlogos/ncaa/500/107.png', 'http://a.espncdn.com/i/teamlogos/ncaa/500-dark/107.png']"
Houston,American Athletic,#C90822,#e2d5e0,"['http://a.espncdn.com/i/teamlogos/ncaa/500/248.png', 'http://a.espncdn.com/i/teamlogos/ncaa/500-dark/248.png']"
Houston Baptist,,#00539c,#cedced,"['http://a.espncdn.com/i/teamlogos/ncaa/500/2277.png', 'http://a.espncdn.com/i/teamlogos/ncaa/500-dark/2277.png']"
Howard,,#9e0b0e,#ddd5de,"['http://a.espncdn.com/i/teamlogos/ncaa/500/47.png', 'http://a.espncdn.com/i/teamlogos/ncaa/500-dark/47.png']"
Idaho,,#000000,#ced4dd,"['http://a.espncdn.com/i/teamlogos/ncaa/500/70.png', 'http://a.espncdn.com/i/teamlogos/ncaa/500-dark/70.png']"
Idaho State,,#ef8c00,#e6e2dd,"['http://a.espncdn.com/i/teamlogos/ncaa/500/304.png', 'http://a.espncdn.com/i/teamlogos/ncaa/500-dark/304.png']"
Illinois,Big Ten,#f77329,#e6dfe1,"['http://a.espncdn.com/i/teamlogos/ncaa/500/356.png', 'http://a.espncdn.com/i/teamlogos/ncaa/500-dark/356.png']"
Illinois State,,#CE1126,#e2d6e1,"['http://a.espncdn.com/i/teamlogos/ncaa/500/2287.png', 'http://a.espncdn.com/i/teamlogos/ncaa/500-dark/2287.png']"
Incarnate Word,,#000000,#ced4dd,"['http://a.espncdn.com/i/teamlogos/ncaa/500/2916.png', 'http://a.espncdn.com/i/teamlogos/ncaa/500-dark/2916.png']"
Indiana,Big Ten,#7D110C,#dad6de,"['http://a.espncdn.com/i/teamlogos/ncaa/500/84.png', 'http://a.espncdn.com/i/teamlogos/ncaa/500-dark/84.png']"
Indiana State,,#00669a,#cedeec,"['http://a.espncdn.com/i/teamlogos/ncaa/500/282.png', 'http://a.espncdn.com/i/teamlogos/ncaa/500-dark/282.png']"
Iowa,Big Ten,#000000,#ced4dd,"['http://a.espncdn.com/i/teamlogos/ncaa/500/2294.png', 'http://a.espncdn.com/i/teamlogos/ncaa/500-dark/2294.png']"
Iowa State,Big 12,#660015,#d8d4df,"['http://a.espncdn.com/i/teamlogos/ncaa/500/66.png', 'http://a.espncdn.com/i/teamlogos/ncaa/500-dark/66.png']"
Iowa Wesleyan,,#000000,#ced4dd,"['http://a.espncdn.com/i/teamlogos/ncaa/500/2295.png', 'http://a.espncdn.com/i/teamlogos/ncaa/500-dark/2295.png']"
Jackson State,,#123297,#cfd9ec,"['http://a.espncdn.com/i/teamlogos/ncaa/500/2296.png', 'http://a.espncdn.com/i/teamlogos/ncaa/500-dark/2296.png']"
Jacksonville,,#00523e,#cedce3,"['http://a.espncdn.com/i/teamlogos/ncaa/500/294.png', 'http://a.espncdn.com/i/teamlogos/ncaa/500-dark/294.png']"
Jacksonville State,,#b50500,#e0d4dd,"['http://a.espncdn.com/i/teamlogos/ncaa/500/55.png', 'http://a.espncdn.com/i/teamlogos/ncaa/500-dark/55.png']"
James Madison,,#450084,#d5d4ea,"['http://a.espncdn.com/i/teamlogos/ncaa/500/256.png', 'http://a.espncdn.com/i/teamlogos/ncaa/500-dark/256.png']"
Kansas,Big 12,#0022B4,#ced7ef,"['http://a.espncdn.com/i/teamlogos/ncaa/500/2305.png', 'http://a.espncdn.com/i/teamlogos/ncaa/500-dark/2305.png']"
Kansas State,Big 12,#633194,#d8d9ec,"['http://a.espncdn.com/i/teamlogos/ncaa/500/2306.png', 'http://a.espncdn.com/i/teamlogos/ncaa/500-dark/2306.png']"
Kennesaw State,,#000000,#ced4dd,"['http://a.espncdn.com/i/teamlogos/ncaa/500/338.png', 'http://a.espncdn.com/i/teamlogos/ncaa/500-dark/338.png']"
Kent State,Mid-American,#002445,#ced8e4,"['http://a.espncdn.com/i/teamlogos/ncaa/500/2309.png', 'http://a.espncdn.com/i/teamlogos/ncaa/500-dark/2309.png']"
Kentucky,SEC,#005DAA,#ceddee,"['http://a.espncdn.com/i/teamlogos/ncaa/500/96.png', 'http://a.espncdn.com/i/teamlogos/ncaa/500-dark/96.png']"
Kentucky Wesleyan,,#000000,#ced4dd,"['http://a.espncdn.com/i/teamlogos/ncaa/500/2316.png', 'http://a.espncdn.com/i/teamlogos/ncaa/500-dark/2316.png']"
Lafayette,,#790000,#dad4dd,"['http://a.espncdn.com/i/teamlogos/ncaa/500/322.png', 'http://a.espncdn.com/i/teamlogos/ncaa/500-dark/322.png']"
Lamar,,#000000,#ced4dd,"['http://a.espncdn.com/i/teamlogos/ncaa/500/2320.png', 'http://a.espncdn.com/i/teamlogos/ncaa/500-dark/2320.png']"
Lehigh,,#6c2b2a,#d8d8e1,"['http://a.espncdn.com/i/teamlogos/ncaa/500/2329.png', 'http://a.espncdn.com/i/teamlogos/ncaa/500-dark/2329.png']"
Lenoir-Rhyne,,#000000,#ced4dd,"['http://a.espncdn.com/i/teamlogos/ncaa/500/2331.png', 'http://a.espncdn.com/i/teamlogos/ncaa/500-dark/2331.png']"
Liberty,FBS Independents,#071740,#ced6e3,"['http://a.espncdn.com/i/teamlogos/ncaa/500/2335.png', 'http://a.espncdn.com/i/teamlogos/ncaa/500-dark/2335.png']"
Louisiana,Sun Belt,#ce2842,#e2d8e4,"['http://a.espncdn.com/i/teamlogos/ncaa/500/309.png', 'http://a.espncdn.com/i/teamlogos/ncaa/500-dark/309.png']"
Louisiana Monroe,Sun Belt,#231F20,#d1d7e0,"['http://a.espncdn.com/i/teamlogos/ncaa/500/2433.png', 'http://a.espncdn.com/i/teamlogos/ncaa/500-dark/2433.png']"
Louisiana Tech,Conference USA,#002d65,#ced8e7,"['http://a.espncdn.com/i/teamlogos/ncaa/500/2348.png', 'http://a.espncdn.com/i/teamlogos/ncaa/500-dark/2348.png']"
Louisville,ACC,#ad000a,#dfd4de,"['http://a.espncdn.com/i/teamlogos/ncaa/500/97.png', 'http://a.espncdn.com/i/teamlogos/ncaa/500-dark/97.png']"
LSU,SEC,#22005c,#d1d4e6,"['http://a.espncdn.com/i/teamlogos/ncaa/500/99.png', 'http://a.espncdn.com/i/teamlogos/ncaa/500-dark/99.png']"
Maine,,#127dbe,#cfe0f0,"['http://a.espncdn.com/i/teamlogos/ncaa/500/311.png', 'http://a.espncdn.com/i/teamlogos/ncaa/500-dark/311.png']"
Malone,,#000000,#ced4dd,"['http://a.espncdn.com/i/teamlogos/ncaa/500/556.png', 'http://a.espncdn.com/i/teamlogos/ncaa/500-dark/556.png']"
Marist,,#e53730,#e5d9e2,"['http://a.espncdn.com/i/teamlogos/ncaa/500/2368.png', 'http://a.espncdn.com/i/teamlogos/ncaa/500-dark/2368.png']"
Marshall,Conference USA,#186329,#d0dee1,"['http://a.espncdn.com/i/teamlogos/ncaa/500/276.png', 'http://a.espncdn.com/i/teamlogos/ncaa/500-dark/276.png']"
Maryland,Big Ten,#D5002B,#e3d4e1,"['http://a.espncdn.com/i/teamlogos/ncaa/500/120.png', 'http://a.espncdn.com/i/teamlogos/ncaa/500-dark/120.png']"
McNeese,,#00529C,#cedced,"['http://a.espncdn.com/i/teamlogos/ncaa/500/2377.png', 'http://a.espncdn.com/i/teamlogos/ncaa/500-dark/2377.png']"
Memphis,American Athletic,#002447,#ced8e4,"['http://a.espncdn.com/i/teamlogos/ncaa/500/235.png', 'http://a.espncdn.com/i/teamlogos/ncaa/500-dark/235.png']"
Mercer,,#ff7f29,#e7e1e1,"['http://a.espncdn.com/i/teamlogos/ncaa/500/2382.png', 'http://a.espncdn.com/i/teamlogos/ncaa/500-dark/2382.png']"
Merrimack,,#000000,#ced4dd,"['http://a.espncdn.com/i/teamlogos/ncaa/500/2771.png', 'http://a.espncdn.com/i/teamlogos/ncaa/500-dark/2771.png']"
Miami,ACC,#004325,#cedbe1,"['http://a.espncdn.com/i/teamlogos/ncaa/500/2390.png', 'http://a.espncdn.com/i/teamlogos/ncaa/500-dark/2390.png']"
Miami (OH),Mid-American,#a4000c,#ded4de,"['http://a.espncdn.com/i/teamlogos/ncaa/500/193.png', 'http://a.espncdn.com/i/teamlogos/ncaa/500-dark/193.png']"
Michigan,Big Ten,#00274c,#ced8e5,"['http://a.espncdn.com/i/teamlogos/ncaa/500/130.png', 'http://a.espncdn.com/i/teamlogos/ncaa/500-dark/130.png']"
Michigan State,Big Ten,#18453B,#d0dbe3,"['http://a.espncdn.com/i/teamlogos/ncaa/500/127.png', 'http://a.espncdn.com/i/teamlogos/ncaa/500-dark/127.png']"
Middle Tennessee,Conference USA,#0079C2,#cee0f0,"['http://a.espncdn.com/i/teamlogos/ncaa/500/2393.png', 'http://a.espncdn.com/i/teamlogos/ncaa/500-dark/2393.png']"
Midwestern State,,#000000,#ced4dd,"['http://a.espncdn.com/i/teamlogos/ncaa/500/2395.png', 'http://a.espncdn.com/i/teamlogos/ncaa/500-dark/2395.png']"
Minnesota,Big Ten,#7F011B,#dad4e0,"['http://a.espncdn.com/i/teamlogos/ncaa/500/135.png', 'http://a.espncdn.com/i/teamlogos/ncaa/500-dark/135.png']"
Mississippi College,,#000000,#ced4dd,"['http://a.espncdn.com/i/teamlogos/ncaa/500/2401.png', 'http://a.espncdn.com/i/teamlogos/ncaa/500-dark/2401.png']"
Mississippi State,SEC,#762123,#d9d7e0,"['http://a.espncdn.com/i/teamlogos/ncaa/500/344.png', 'http://a.espncdn.com/i/teamlogos/ncaa/500-dark/344.png']"
Mississippi Valley State,,#005328,#cedce1,"['http://a.espncdn.com/i/teamlogos/ncaa/500/2400.png', 'http://a.espncdn.com/i/teamlogos/ncaa/500-dark/2400.png']"
Missouri,SEC,#000000,#ced4dd,"['http://a.espncdn.com/i/teamlogos/ncaa/500/142.png', 'http://a.espncdn.com/i/teamlogos/ncaa/500-dark/142.png']"
Missouri State,,#5F0000,#d7d4dd,"['http://a.espncdn.com/i/teamlogos/ncaa/500/2623.png', 'http://a.espncdn.com/i/teamlogos/ncaa/500-dark/2623.png']"
Monmouth,,#051844,#ced6e4,"['http://a.espncdn.com/i/teamlogos/ncaa/500/2405.png', 'http://a.espncdn.com/i/teamlogos/ncaa/500-dark/2405.png']"
Montana,,#751D4A,#d9d7e4,"['http://a.espncdn.com/i/teamlogos/ncaa/500/149.png', 'http://a.espncdn.com/i/teamlogos/ncaa/500-dark/149.png']"
Montana State,,#003875,#cedae9,"['http://a.espncdn.com/i/teamlogos/ncaa/500/147.png', 'http://a.espncdn.com/i/teamlogos/ncaa/500-dark/147.png']"
Morehead State,,#094FA3,#cfdced,"['http://a.espncdn.com/i/teamlogos/ncaa/500/2413.png', 'http://a.espncdn.com/i/teamlogos/ncaa/500-dark/2413.png']"
Morgan State,,#014786,#cedbea,"['http://a.espncdn.com/i/teamlogos/ncaa/500/2415.png', 'http://a.espncdn.com/i/teamlogos/ncaa/500-dark/2415.png']"
Murray State,,#002148,#ced7e4,"['http://a.espncdn.com/i/teamlogos/ncaa/500/93.png', 'http://a.espncdn.com/i/teamlogos/ncaa/500-dark/93.png']"
Navy,American Athletic,#131630,#d0d6e2,"['http://a.espncdn.com/i/teamlogos/ncaa/500/2426.png', 'http://a.espncdn.com/i/teamlogos/ncaa/500-dark/2426.png']"
NC State,ACC,#EF1216,#e6d6df,"['http://a.espncdn.com/i/teamlogos/ncaa/500/152.png', 'http://a.espncdn.com/i/teamlogos/ncaa/500-dark/152.png']"
Nebraska,Big Ten,#F20017,#e6d4df,"['http://a.espncdn.com/i/teamlogos/ncaa/500/158.png', 'http://a.espncdn.com/i/teamlogos/ncaa/500-dark/158.png']"
Nevada,Mountain West,#153E5F,#d0dae6,"['http://a.espncdn.com/i/teamlogos/ncaa/500/2440.png', 'http://a.espncdn.com/i/teamlogos/ncaa/500-dark/2440.png']"
Newberry,,#000000,#ced4dd,"['http://a.espncdn.com/i/teamlogos/ncaa/500/2444.png', 'http://a.espncdn.com/i/teamlogos/ncaa/500-dark/2444.png']"
New Hampshire,,#004990,#cedbeb,"['http://a.espncdn.com/i/teamlogos/ncaa/500/160.png', 'http://a.espncdn.com/i/teamlogos/ncaa/500-dark/160.png']"
New Mexico,Mountain West,#000000,#ced4dd,"['http://a.espncdn.com/i/teamlogos/ncaa/500/167.png', 'http://a.espncdn.com/i/teamlogos/ncaa/500-dark/167.png']"
New Mexico State,FBS Independents,#891216,#dbd6df,"['http://a.espncdn.com/i/teamlogos/ncaa/500/166.png', 'http://a.espncdn.com/i/teamlogos/ncaa/500-dark/166.png']"
Nicholls,,#C41230,#e1d6e2,"['http://a.espncdn.com/i/teamlogos/ncaa/500/2447.png', 'http://a.espncdn.com/i/teamlogos/ncaa/500-dark/2447.png']"
Norfolk State,,#046546,#cedee4,"['http://a.espncdn.com/i/teamlogos/ncaa/500/2450.png', 'http://a.espncdn.com/i/teamlogos/ncaa/500-dark/2450.png']"
North Alabama,,#000000,#ced4dd,"['http://a.espncdn.com/i/teamlogos/ncaa/500/2453.png', 'http://a.espncdn.com/i/teamlogos/ncaa/500-dark/2453.png']"
North Carolina,ACC,#99bfe5,#dde7f4,"['http://a.espncdn.com/i/teamlogos/ncaa/500/153.png', 'http://a.espncdn.com/i/teamlogos/ncaa/500-dark/153.png']"
North Carolina A&T,,#0505aa,#ced4ee,"['http://a.espncdn.com/i/teamlogos/ncaa/500/2448.png', 'http://a.espncdn.com/i/teamlogos/ncaa/500-dark/2448.png']"
North Carolina Central,,#880023,#dbd4e0,"['http://a.espncdn.com/i/teamlogos/ncaa/500/2428.png', 'http://a.espncdn.com/i/teamlogos/ncaa/500-dark/2428.png']"
North Dakota,,#00A26B,#cee4e8,"['http://a.espncdn.com/i/teamlogos/ncaa/500/155.png', 'http://a.espncdn.com/i/teamlogos/ncaa/500-dark/155.png']"
North Dakota State,,#01402A,#cedae1,"['http://a.espncdn.com/i/teamlogos/ncaa/500/2449.png', 'http://a.espncdn.com/i/teamlogos/ncaa/500-dark/2449.png']"
Northeastern State,,#000000,#ced4dd,"['http://a.espncdn.com/i/teamlogos/ncaa/500/196.png', 'http://a.espncdn.com/i/teamlogos/ncaa/500-dark/196.png']"
Northern Arizona,,#003976,#cedae9,"['http://a.espncdn.com/i/teamlogos/ncaa/500/2464.png', 'http://a.espncdn.com/i/teamlogos/ncaa/500-dark/2464.png']"
Northern Colorado,,#13558D,#d0dceb,"['http://a.espncdn.com/i/teamlogos/ncaa/500/2458.png', 'http://a.espncdn.com/i/teamlogos/ncaa/500-dark/2458.png']"
Northern Illinois,Mid-American,#F1122C,#e6d6e1,"['http://a.espncdn.com/i/teamlogos/ncaa/500/2459.png', 'http://a.espncdn.com/i/teamlogos/ncaa/500-dark/2459.png']"
Northern Iowa,,#473282,#d5d9ea,"['http://a.espncdn.com/i/teamlogos/ncaa/500/2460.png', 'http://a.espncdn.com/i/teamlogos/ncaa/500-dark/2460.png']"
Northern Michigan,,#000000,#ced4dd,"['http://a.espncdn.com/i/teamlogos/ncaa/500/128.png', 'http://a.espncdn.com/i/teamlogos/ncaa/500-dark/128.png']"
North Greenville,,#000000,#ced4dd,"['http://a.espncdn.com/i/teamlogos/ncaa/500/2822.png', 'http://a.espncdn.com/i/teamlogos/ncaa/500-dark/2822.png']"
North Texas,Conference USA,#00853D,#cee1e3,"['http://a.espncdn.com/i/teamlogos/ncaa/500/249.png', 'http://a.espncdn.com/i/teamlogos/ncaa/500-dark/249.png']"
Northwestern,Big Ten,#372286,#d3d7ea,"['http://a.espncdn.com/i/teamlogos/ncaa/500/77.png', 'http://a.espncdn.com/i/teamlogos/ncaa/500-dark/77.png']"
Northwestern Oklahoma State,,#000000,#ced4dd,"['http://a.espncdn.com/i/teamlogos/ncaa/500/2823.png', 'http://a.espncdn.com/i/teamlogos/ncaa/500-dark/2823.png']"
Northwestern State,,#492F91,#d5d9eb,"['http://a.espncdn.com/i/teamlogos/ncaa/500/2466.png', 'http://a.espncdn.com/i/teamlogos/ncaa/500-dark/2466.png']"
Northwest Missouri State,,#000000,#ced4dd,"['http://a.espncdn.com/i/teamlogos/ncaa/500/138.png', 'http://a.espncdn.com/i/teamlogos/ncaa/500-dark/138.png']"
Notre Dame,FBS Independents,#00122b,#ced6e1,"['http://a.espncdn.com/i/teamlogos/ncaa/500/87.png', 'http://a.espncdn.com/i/teamlogos/ncaa/500-dark/87.png']"
Notre Dame College,,#000000,#ced4dd,"['http://a.espncdn.com/i/teamlogos/ncaa/500/587.png', 'http://a.espncdn.com/i/teamlogos/ncaa/500-dark/587.png']"
Ohio,Mid-American,#295A29,#d2dde1,"['http://a.espncdn.com/i/teamlogos/ncaa/500/195.png', 'http://a.espncdn.com/i/teamlogos/ncaa/500-dark/195.png']"
Ohio State,Big Ten,#DE3121,#e4d9e0,"['http://a.espncdn.com/i/teamlogos/ncaa/500/194.png', 'http://a.espncdn.com/i/teamlogos/ncaa/500-dark/194.png']"
Oklahoma,Big 12,#7b0000,#dad4dd,"['http://a.espncdn.com/i/teamlogos/ncaa/500/201.png', 'http://a.espncdn.com/i/teamlogos/ncaa/500-dark/201.png']"
Oklahoma State,Big 12,#FF6500,#e7dedd,"['http://a.espncdn.com/i/teamlogos/ncaa/500/197.png', 'http://a.espncdn.com/i/teamlogos/ncaa/500-dark/197.png']"
Old Dominion,Conference USA,#00507d,#cedce9,"['http://a.espncdn.com/i/teamlogos/ncaa/500/295.png', 'http://a.espncdn.com/i/teamlogos/ncaa/500-dark/295.png']"
Ole Miss,SEC,#001148,#ced6e4,"['http://a.espncdn.com/i/teamlogos/ncaa/500/145.png', 'http://a.espncdn.com/i/teamlogos/ncaa/500-dark/145.png']"
Oregon,Pac-12,#044520,#cedbe0,"['http://a.espncdn.com/i/teamlogos/ncaa/500/2483.png', 'http://a.espncdn.com/i/teamlogos/ncaa/500-dark/2483.png']"
Oregon State,Pac-12,#c34500,#e1dbdd,"['http://a.espncdn.com/i/teamlogos/ncaa/500/204.png', 'http://a.espncdn.com/i/teamlogos/ncaa/500-dark/204.png']"
Penn State,Big Ten,#00265D,#ced8e6,"['http://a.espncdn.com/i/teamlogos/ncaa/500/213.png', 'http://a.espncdn.com/i/teamlogos/ncaa/500-dark/213.png']"
Pennsylvania,,#082A74,#ced8e9,"['http://a.espncdn.com/i/teamlogos/ncaa/500/219.png', 'http://a.espncdn.com/i/teamlogos/ncaa/500-dark/219.png']"
Pittsburgh,ACC,#003263,#ced9e7,"['http://a.espncdn.com/i/teamlogos/ncaa/500/221.png', 'http://a.espncdn.com/i/teamlogos/ncaa/500-dark/221.png']"
Portland State,,#00311e,#ced9e0,"['http://a.espncdn.com/i/teamlogos/ncaa/500/2502.png', 'http://a.espncdn.com/i/teamlogos/ncaa/500-dark/2502.png']"
Prairie View,,#4d0960,#d5d5e7,"['http://a.espncdn.com/i/teamlogos/ncaa/500/2504.png', 'http://a.espncdn.com/i/teamlogos/ncaa/500-dark/2504.png']"
Presbyterian College,,#194896,#d0dbec,"['http://a.espncdn.com/i/teamlogos/ncaa/500/2506.png', 'http://a.espncdn.com/i/teamlogos/ncaa/500-dark/2506.png']"
Princeton,,#ff9408,#e7e3de,"['http://a.espncdn.com/i/teamlogos/ncaa/500/163.png', 'http://a.espncdn.com/i/teamlogos/ncaa/500-dark/163.png']"
Purdue,Big Ten,#B89D29,#e0e4e1,"['http://a.espncdn.com/i/teamlogos/ncaa/500/2509.png', 'http://a.espncdn.com/i/teamlogos/ncaa/500-dark/2509.png']"
Rhode Island,,#3691C6,#d3e2f1,"['http://a.espncdn.com/i/teamlogos/ncaa/500/227.png', 'http://a.espncdn.com/i/teamlogos/ncaa/500-dark/227.png']"
Rice,Conference USA,#003D7D,#cedae9,"['http://a.espncdn.com/i/teamlogos/ncaa/500/242.png', 'http://a.espncdn.com/i/teamlogos/ncaa/500-dark/242.png']"
Richmond,,#9e0712,#ddd5df,"['http://a.espncdn.com/i/teamlogos/ncaa/500/257.png', 'http://a.espncdn.com/i/teamlogos/ncaa/500-dark/257.png']"
Robert Morris,,#00214D,#ced7e5,"['http://a.espncdn.com/i/teamlogos/ncaa/500/2523.png', 'http://a.espncdn.com/i/teamlogos/ncaa/500-dark/2523.png']"
Rutgers,Big Ten,#d21034,#e3d6e2,"['http://a.espncdn.com/i/teamlogos/ncaa/500/164.png', 'http://a.espncdn.com/i/teamlogos/ncaa/500-dark/164.png']"
Sacramento State,,#00573C,#cedde3,"['http://a.espncdn.com/i/teamlogos/ncaa/500/16.png', 'http://a.espncdn.com/i/teamlogos/ncaa/500-dark/16.png']"
Sacred Heart,,#a40012,#ded4df,"['http://a.espncdn.com/i/teamlogos/ncaa/500/2529.png', 'http://a.espncdn.com/i/teamlogos/ncaa/500-dark/2529.png']"
Samford,,#005485,#cedcea,"['http://a.espncdn.com/i/teamlogos/ncaa/500/2535.png', 'http://a.espncdn.com/i/teamlogos/ncaa/500-dark/2535.png']"
Sam Houston State,,#F78F1E,#e6e2e0,"['http://a.espncdn.com/i/teamlogos/ncaa/500/2534.png', 'http://a.espncdn.com/i/teamlogos/ncaa/500-dark/2534.png']"
San Diego,,#2f99d4,#d2e3f2,"['http://a.espncdn.com/i/teamlogos/ncaa/500/301.png', 'http://a.espncdn.com/i/teamlogos/ncaa/500-dark/301.png']"
San Diego State,Mountain West,#BF2C37,#e1d8e2,"['http://a.espncdn.com/i/teamlogos/ncaa/500/21.png', 'http://a.espncdn.com/i/teamlogos/ncaa/500-dark/21.png']"
San Jos√© State,Mountain West,#005893,#ceddec,"['http://a.espncdn.com/i/teamlogos/ncaa/500/23.png', 'http://a.espncdn.com/i/teamlogos/ncaa/500-dark/23.png']"
Savannah State,,#280298,#d2d4ec,"['http://a.espncdn.com/i/teamlogos/ncaa/500/2542.png', 'http://a.espncdn.com/i/teamlogos/ncaa/500-dark/2542.png']"
SMU,American Athletic,#E32F38,#e4d9e3,"['http://a.espncdn.com/i/teamlogos/ncaa/500/2567.png', 'http://a.espncdn.com/i/teamlogos/ncaa/500-dark/2567.png']"
South Alabama,Sun Belt,#003E7E,#cedaea,"['http://a.espncdn.com/i/teamlogos/ncaa/500/6.png', 'http://a.espncdn.com/i/teamlogos/ncaa/500-dark/6.png']"
South Carolina,SEC,#670010,#d8d4df,"['http://a.espncdn.com/i/teamlogos/ncaa/500/2579.png', 'http://a.espncdn.com/i/teamlogos/ncaa/500-dark/2579.png']"
South Carolina State,,#7d1315,#dad6df,"['http://a.espncdn.com/i/teamlogos/ncaa/500/2569.png', 'http://a.espncdn.com/i/teamlogos/ncaa/500-dark/2569.png']"
South Dakota,,#CD1241,#e2d6e3,"['http://a.espncdn.com/i/teamlogos/ncaa/500/233.png', 'http://a.espncdn.com/i/teamlogos/ncaa/500-dark/233.png']"
South Dakota State,,#005DAB,#ceddee,"['http://a.espncdn.com/i/teamlogos/ncaa/500/2571.png', 'http://a.espncdn.com/i/teamlogos/ncaa/500-dark/2571.png']"
Southeastern Louisiana,,#007550,#cee0e5,"['http://a.espncdn.com/i/teamlogos/ncaa/500/2545.png', 'http://a.espncdn.com/i/teamlogos/ncaa/500-dark/2545.png']"
Southeast Missouri State,,#cc0000,#e2d4dd,"['http://a.espncdn.com/i/teamlogos/ncaa/500/2546.png', 'http://a.espncdn.com/i/teamlogos/ncaa/500-dark/2546.png']"
Southern,,#004B97,#cedbec,"['http://a.espncdn.com/i/teamlogos/ncaa/500/2582.png', 'http://a.espncdn.com/i/teamlogos/ncaa/500-dark/2582.png']"
Southern Illinois,,#85283D,#dbd8e3,"['http://a.espncdn.com/i/teamlogos/ncaa/500/79.png', 'http://a.espncdn.com/i/teamlogos/ncaa/500-dark/79.png']"
Southern Mississippi,Conference USA,#FFAA3C,#e7e5e3,"['http://a.espncdn.com/i/teamlogos/ncaa/500/2572.png', 'http://a.espncdn.com/i/teamlogos/ncaa/500-dark/2572.png']"
Southern Utah,,#d10000,#e3d4dd,"['http://a.espncdn.com/i/teamlogos/ncaa/500/253.png', 'http://a.espncdn.com/i/teamlogos/ncaa/500-dark/253.png']"
South Florida,American Athletic,#004A36,#cedbe2,"['http://a.espncdn.com/i/teamlogos/ncaa/500/58.png', 'http://a.espncdn.com/i/teamlogos/ncaa/500-dark/58.png']"
Southwest Minnesota State,,#000000,#ced4dd,"['http://a.espncdn.com/i/teamlogos/ncaa/500/2587.png', 'http://a.espncdn.com/i/teamlogos/ncaa/500-dark/2587.png']"
Stanford,Pac-12,#A80532,#ded4e2,"['http://a.espncdn.com/i/teamlogos/ncaa/500/24.png', 'http://a.espncdn.com/i/teamlogos/ncaa/500-dark/24.png']"
Stephen F. Austin,,#393996,#d3daec,"['http://a.espncdn.com/i/teamlogos/ncaa/500/2617.png', 'http://a.espncdn.com/i/teamlogos/ncaa/500-dark/2617.png']"
Stetson,,#18581c,#d0dde0,"['http://a.espncdn.com/i/teamlogos/ncaa/500/56.png', 'http://a.espncdn.com/i/teamlogos/ncaa/500-dark/56.png']"
St Francis (PA),,#a20012,#ded4df,"['http://a.espncdn.com/i/teamlogos/ncaa/500/2598.png', 'http://a.espncdn.com/i/teamlogos/ncaa/500-dark/2598.png']"
Stony Brook,,#990000,#ddd4dd,"['http://a.espncdn.com/i/teamlogos/ncaa/500/2619.png', 'http://a.espncdn.com/i/teamlogos/ncaa/500-dark/2619.png']"
Syracuse,ACC,#F37321,#e6dfe0,"['http://a.espncdn.com/i/teamlogos/ncaa/500/183.png', 'http://a.espncdn.com/i/teamlogos/ncaa/500-dark/183.png']"
Tarleton State,,#000000,#ced4dd,"['http://a.espncdn.com/i/teamlogos/ncaa/500/2627.png', 'http://a.espncdn.com/i/teamlogos/ncaa/500-dark/2627.png']"
TCU,Big 12,#3C377D,#d4d9e9,"['http://a.espncdn.com/i/teamlogos/ncaa/500/2628.png', 'http://a.espncdn.com/i/teamlogos/ncaa/500-dark/2628.png']"
Temple,American Athletic,#A80532,#ded4e2,"['http://a.espncdn.com/i/teamlogos/ncaa/500/218.png', 'http://a.espncdn.com/i/teamlogos/ncaa/500-dark/218.png']"
Tennessee,SEC,#EE9627,#e5e3e1,"['http://a.espncdn.com/i/teamlogos/ncaa/500/2633.png', 'http://a.espncdn.com/i/teamlogos/ncaa/500-dark/2633.png']"
Tennessee State,,#383C84,#d3daea,"['http://a.espncdn.com/i/teamlogos/ncaa/500/2634.png', 'http://a.espncdn.com/i/teamlogos/ncaa/500-dark/2634.png']"
Tennessee Tech,,#5A4099,#d7daec,"['http://a.espncdn.com/i/teamlogos/ncaa/500/2635.png', 'http://a.espncdn.com/i/teamlogos/ncaa/500-dark/2635.png']"
Texas,Big 12,#EE7524,#e5e0e1,"['http://a.espncdn.com/i/teamlogos/ncaa/500/251.png', 'http://a.espncdn.com/i/teamlogos/ncaa/500-dark/251.png']"
Texas A&M,SEC,#5C0025,#d7d4e1,"['http://a.espncdn.com/i/teamlogos/ncaa/500/245.png', 'http://a.espncdn.com/i/teamlogos/ncaa/500-dark/245.png']"
Texas A&M-Kingsville,,#000000,#ced4dd,"['http://a.espncdn.com/i/teamlogos/ncaa/500/2658.png', 'http://a.espncdn.com/i/teamlogos/ncaa/500-dark/2658.png']"
Texas Southern,,#6A0403,#d8d4dd,"['http://a.espncdn.com/i/teamlogos/ncaa/500/2640.png', 'http://a.espncdn.com/i/teamlogos/ncaa/500-dark/2640.png']"
Texas State,Sun Belt,#4e1719,#d5d6df,"['http://a.espncdn.com/i/teamlogos/ncaa/500/326.png', 'http://a.espncdn.com/i/teamlogos/ncaa/500-dark/326.png']"
Texas Tech,Big 12,#C80025,#e2d4e1,"['http://a.espncdn.com/i/teamlogos/ncaa/500/2641.png', 'http://a.espncdn.com/i/teamlogos/ncaa/500-dark/2641.png']"
The Citadel,,#002b5c,#ced8e6,"['http://a.espncdn.com/i/teamlogos/ncaa/500/2643.png', 'http://a.espncdn.com/i/teamlogos/ncaa/500-dark/2643.png']"
Toledo,Mid-American,#00488F,#cedbeb,"['http://a.espncdn.com/i/teamlogos/ncaa/500/2649.png', 'http://a.espncdn.com/i/teamlogos/ncaa/500-dark/2649.png']"
Towson,,#FFC229,#e7e7e1,"['http://a.espncdn.com/i/teamlogos/ncaa/500/119.png', 'http://a.espncdn.com/i/teamlogos/ncaa/500-dark/119.png']"
Troy,Sun Belt,#AE0210,#dfd4df,"['http://a.espncdn.com/i/teamlogos/ncaa/500/2653.png', 'http://a.espncdn.com/i/teamlogos/ncaa/500-dark/2653.png']"
Tulane,American Athletic,#005837,#cedde2,"['http://a.espncdn.com/i/teamlogos/ncaa/500/2655.png', 'http://a.espncdn.com/i/teamlogos/ncaa/500-dark/2655.png']"
Tulsa,American Athletic,#004371,#cedbe8,"['http://a.espncdn.com/i/teamlogos/ncaa/500/202.png', 'http://a.espncdn.com/i/teamlogos/ncaa/500-dark/202.png']"
Tusculum,,#000000,#ced4dd,"['http://a.espncdn.com/i/teamlogos/ncaa/500/2839.png', 'http://a.espncdn.com/i/teamlogos/ncaa/500-dark/2839.png']"
Tuskegee,,#000000,#ced4dd,"['http://a.espncdn.com/i/teamlogos/ncaa/500/2657.png', 'http://a.espncdn.com/i/teamlogos/ncaa/500-dark/2657.png']"
UAB,Conference USA,#003b28,#cedae1,"['http://a.espncdn.com/i/teamlogos/ncaa/500/5.png', 'http://a.espncdn.com/i/teamlogos/ncaa/500-dark/5.png']"
UC Davis,,#183563,#d0d9e7,"['http://a.espncdn.com/i/teamlogos/ncaa/500/302.png', 'http://a.espncdn.com/i/teamlogos/ncaa/500-dark/302.png']"
UCF,American Athletic,#000000,#ced4dd,"['http://a.espncdn.com/i/teamlogos/ncaa/500/2116.png', 'http://a.espncdn.com/i/teamlogos/ncaa/500-dark/2116.png']"
UCLA,Pac-12,#005C8E,#ceddeb,"['http://a.espncdn.com/i/teamlogos/ncaa/500/26.png', 'http://a.espncdn.com/i/teamlogos/ncaa/500-dark/26.png']"
UMass,FBS Independents,#880007,#dbd4de,"['http://a.espncdn.com/i/teamlogos/ncaa/500/113.png', 'http://a.espncdn.com/i/teamlogos/ncaa/500-dark/113.png']"
UNLV,Mountain West,#000000,#ced4dd,"['http://a.espncdn.com/i/teamlogos/ncaa/500/2439.png', 'http://a.espncdn.com/i/teamlogos/ncaa/500-dark/2439.png']"
USC,Pac-12,#AE2531,#dfd8e2,"['http://a.espncdn.com/i/teamlogos/ncaa/500/30.png', 'http://a.espncdn.com/i/teamlogos/ncaa/500-dark/30.png']"
Utah,Pac-12,#890012,#dbd4df,"['http://a.espncdn.com/i/teamlogos/ncaa/500/254.png', 'http://a.espncdn.com/i/teamlogos/ncaa/500-dark/254.png']"
Utah State,Mountain West,#003263,#ced9e7,"['http://a.espncdn.com/i/teamlogos/ncaa/500/328.png', 'http://a.espncdn.com/i/teamlogos/ncaa/500-dark/328.png']"
UTEP,Conference USA,#002843,#ced8e4,"['http://a.espncdn.com/i/teamlogos/ncaa/500/2638.png', 'http://a.espncdn.com/i/teamlogos/ncaa/500-dark/2638.png']"
UT Martin,,#FF6700,#e7dedd,"['http://a.espncdn.com/i/teamlogos/ncaa/500/2630.png', 'http://a.espncdn.com/i/teamlogos/ncaa/500-dark/2630.png']"
UT San Antonio,Conference USA,#002A5C,#ced8e6,"['http://a.espncdn.com/i/teamlogos/ncaa/500/2636.png', 'http://a.espncdn.com/i/teamlogos/ncaa/500-dark/2636.png']"
Valdosta State,,#000000,#ced4dd,"['http://a.espncdn.com/i/teamlogos/ncaa/500/2673.png', 'http://a.espncdn.com/i/teamlogos/ncaa/500-dark/2673.png']"
Valparaiso,,#794500,#dadbdd,"['http://a.espncdn.com/i/teamlogos/ncaa/500/2674.png', 'http://a.espncdn.com/i/teamlogos/ncaa/500-dark/2674.png']"
Vanderbilt,SEC,#000000,#ced4dd,"['http://a.espncdn.com/i/teamlogos/ncaa/500/238.png', 'http://a.espncdn.com/i/teamlogos/ncaa/500-dark/238.png']"
Villanova,,#123d7C,#cfdae9,"['http://a.espncdn.com/i/teamlogos/ncaa/500/222.png', 'http://a.espncdn.com/i/teamlogos/ncaa/500-dark/222.png']"
Virginia,ACC,#00204e,#ced7e5,"['http://a.espncdn.com/i/teamlogos/ncaa/500/258.png', 'http://a.espncdn.com/i/teamlogos/ncaa/500-dark/258.png']"
Virginia Tech,ACC,#74232D,#d9d7e1,"['http://a.espncdn.com/i/teamlogos/ncaa/500/259.png', 'http://a.espncdn.com/i/teamlogos/ncaa/500-dark/259.png']"
VMI,,#E52D37,#e5d8e2,"['http://a.espncdn.com/i/teamlogos/ncaa/500/2678.png', 'http://a.espncdn.com/i/teamlogos/ncaa/500-dark/2678.png']"
Wagner,,#00483A,#cedbe3,"['http://a.espncdn.com/i/teamlogos/ncaa/500/2681.png', 'http://a.espncdn.com/i/teamlogos/ncaa/500-dark/2681.png']"
Wake Forest,ACC,#9E7E38,#dde1e3,"['http://a.espncdn.com/i/teamlogos/ncaa/500/154.png', 'http://a.espncdn.com/i/teamlogos/ncaa/500-dark/154.png']"
Washington,Pac-12,#2B2F64,#d2d9e7,"['http://a.espncdn.com/i/teamlogos/ncaa/500/264.png', 'http://a.espncdn.com/i/teamlogos/ncaa/500-dark/264.png']"
Washington State,Pac-12,#94022a,#dcd4e1,"['http://a.espncdn.com/i/teamlogos/ncaa/500/265.png', 'http://a.espncdn.com/i/teamlogos/ncaa/500-dark/265.png']"
Weber State,,#18005a,#d0d4e6,"['http://a.espncdn.com/i/teamlogos/ncaa/500/2692.png', 'http://a.espncdn.com/i/teamlogos/ncaa/500-dark/2692.png']"
West Alabama,,#000000,#ced4dd,"['http://a.espncdn.com/i/teamlogos/ncaa/500/2695.png', 'http://a.espncdn.com/i/teamlogos/ncaa/500-dark/2695.png']"
West Chester,,#000000,#ced4dd,"['http://a.espncdn.com/i/teamlogos/ncaa/500/223.png', 'http://a.espncdn.com/i/teamlogos/ncaa/500-dark/223.png']"
Western Carolina,,#492F91,#d5d9eb,"['http://a.espncdn.com/i/teamlogos/ncaa/500/2717.png', 'http://a.espncdn.com/i/teamlogos/ncaa/500-dark/2717.png']"
Western Illinois,,#4e1e8a,#d5d7eb,"['http://a.espncdn.com/i/teamlogos/ncaa/500/2710.png', 'http://a.espncdn.com/i/teamlogos/ncaa/500-dark/2710.png']"
Western Kentucky,Conference USA,#F32026,#e6d7e1,"['http://a.espncdn.com/i/teamlogos/ncaa/500/98.png', 'http://a.espncdn.com/i/teamlogos/ncaa/500-dark/98.png']"
Western Michigan,Mid-American,#B59966,#e0e3e7,"['http://a.espncdn.com/i/teamlogos/ncaa/500/2711.png', 'http://a.espncdn.com/i/teamlogos/ncaa/500-dark/2711.png']"
Western New Mexico,,#000000,#ced4dd,"['http://a.espncdn.com/i/teamlogos/ncaa/500/2703.png', 'http://a.espncdn.com/i/teamlogos/ncaa/500-dark/2703.png']"
West Georgia,,#000000,#ced4dd,"['http://a.espncdn.com/i/teamlogos/ncaa/500/2698.png', 'http://a.espncdn.com/i/teamlogos/ncaa/500-dark/2698.png']"
West Texas A&M,,#000000,#ced4dd,"['http://a.espncdn.com/i/teamlogos/ncaa/500/2704.png', 'http://a.espncdn.com/i/teamlogos/ncaa/500-dark/2704.png']"
West Virginia,Big 12,#FFC600,#e7e8dd,"['http://a.espncdn.com/i/teamlogos/ncaa/500/277.png', 'http://a.espncdn.com/i/teamlogos/ncaa/500-dark/277.png']"
William & Mary,,#103217,#cfd9df,"['http://a.espncdn.com/i/teamlogos/ncaa/500/2729.png', 'http://a.espncdn.com/i/teamlogos/ncaa/500-dark/2729.png']"
Wingate,,#000000,#ced4dd,"['http://a.espncdn.com/i/teamlogos/ncaa/500/351.png', 'http://a.espncdn.com/i/teamlogos/ncaa/500-dark/351.png']"
Wisconsin,Big Ten,#A00001,#ded4dd,"['http://a.espncdn.com/i/teamlogos/ncaa/500/275.png', 'http://a.espncdn.com/i/teamlogos/ncaa/500-dark/275.png']"
Wofford,,#533B23,#d6dae0,"['http://a.espncdn.com/i/teamlogos/ncaa/500/2747.png', 'http://a.espncdn.com/i/teamlogos/ncaa/500-dark/2747.png']"
Wyoming,Mountain West,#533B22,#d6dae0,"['http://a.espncdn.com/i/teamlogos/ncaa/500/2751.png', 'http://a.espncdn.com/i/teamlogos/ncaa/500-dark/2751.png']"
Yale,,#004a81,#cedbea,"['http://a.espncdn.com/i/teamlogos/ncaa/500/43.png', 'http://a.espncdn.com/i/teamlogos/ncaa/500-dark/43.png']"
Youngstown State,,#E51936,#e5d6e2,"['http://a.espncdn.com/i/teamlogos/ncaa/500/2754.png', 'http://a.espncdn.com/i/teamlogos/ncaa/500-dark/2754.png']"
Shorter,,#000000,#ced4dd,"['http://a.espncdn.com/i/teamlogos/ncaa/500/2560.png', 'http://a.espncdn.com/i/teamlogos/ncaa/500-dark/2560.png']"
